layer,minzoom,simplified_end,maxzoom,generalise,visvalingam,tolerance,preserve_shared_nodes,merge_tiny_polygons,tileset,detail,output_layer,max_tile_bytes
ne_african_countries,2,9,10,true,true,0.3,true,false,,,,
ne_10m_rivers,6,14,15,true,true,0.3,true,false,,,,
ne_10m_lakes,6,9,15,true,true,0.3,true,false,,,,
ecoregions,2,7,8,true,true,0.3,true,false,,,,
catchments_lev04,0,0,0,false,true,10,true,false,catchments-lev04,16,,
catchments_lev06,6,6,6,false,true,10,true,false,catchments-lev06,14,,
catchments_lev08,9,9,9,false,true,10,true,false,catchments-lev08,14,,
catchments_lev12,11,11,11,false,true,10,true,false,catchments-lev12,14,,
ne_10m_populated_places,6,14,15,true,true,1,true,false,,,,
WDPA_Feb2026_Public,6,14,15,true,true,1,true,false,,,,
Africa_Roads_Primary-Tertiary,6,14,15,true,true,0.3,true,false,,,,
catchments_lev12_full,9,9,9,false,true,10,true,false,catchments-lev12-full,14,catchments_lev12,
catchments_lev12_hex,5,5,5,false,true,10,true,false,catchments-lev12-hex,14,,8000000
catchments_lev12_hex_coarse,2,2,2,false,true,10,true,false,catchments-lev12-hex-coarse,14,catchments_lev12_hex,
